﻿<?xml version="1.0" encoding="utf-8" ?>
<!--Created:cb85b80c-f585-40ff-8bfc-12ff4d0e34a9-->
<App xmlns="http://schemas.microsoft.com/sharepoint/2012/app/manifest"
     Name="EmployeeOrientation"
     ProductID="{6686b47e-ab0f-4a1a-97e4-d7db2ea946b4}"
     Version="1.0.0.0"
     SharePointMinVersion="16.0.0.0"
>
  <Properties>
    <Title>Employee Orientation</Title>
    <StartPage>~appWebUrl/Pages/Default.aspx?{StandardTokens}</StartPage>
  </Properties>

  <AppPrincipal>
    <Internal />
  </AppPrincipal>


</App>
